{"stats":{"minecraft:crafted":{"minecraft:furnace":1,"minecraft:oak_planks":36,"minecraft:crafting_table":1,"minecraft:stick":32,"minecraft:wooden_pickaxe":1},"minecraft:picked_up":{"minecraft:oak_log":9,"minecraft:dirt":21,"minecraft:cobblestone":8},"minecraft:used":{"minecraft:dirt":5,"minecraft:crafting_table":1,"minecraft:furnace":1,"minecraft:wooden_pickaxe":8},"minecraft:mined":{"minecraft:grass_block":4,"minecraft:oak_log":9,"minecraft:dirt":17,"minecraft:stone":8,"minecraft:oak_leaves":6},"minecraft:custom":{"minecraft:time_since_rest":4121,"minecraft:interact_with_furnace":1,"minecraft:play_time":4121,"minecraft:walk_one_cm":19672,"minecraft:sneak_time":2,"minecraft:jump":11,"minecraft:leave_game":1,"minecraft:time_since_death":4121,"minecraft:total_world_time":4121,"minecraft:interact_with_crafting_table":2}},"DataVersion":3465}